{
  "cosine": {
    "own_mean": 0.38291317224502563,
    "other_mean": -0.0032256681006401777,
    "margin_mean": 0.38613879680633545,
    "margin_std": 0.0501410998404026
  },
  "symmetric": {
    "own_mean": 0.1473759263753891,
    "other_mean": -0.016653144732117653,
    "margin_mean": 0.1640290766954422,
    "margin_std": 0.030140358954668045
  },
  "asymmetric": {
    "own_mean": 0.11014985293149948,
    "other_mean": -0.013139180839061737,
    "margin_mean": 0.12328903377056122,
    "margin_std": 0.023236924782395363
  },
  "tversky": {
    "own_mean": 0.08142782002687454,
    "other_mean": 0.027706027030944824,
    "margin_mean": 0.053721796721220016,
    "margin_std": 0.019023971632122993
  }
}