{
  "asymmetric": {
    "mean": 0.21337367594242096,
    "std": 0.03099588118493557,
    "min": 0.12401289492845535,
    "max": 0.29372143745422363
  },
  "tversky": {
    "mean": 0.04491107910871506,
    "std": 0.018028799444437027,
    "min": -0.0010013525607064366,
    "max": 0.07791730016469955
  },
  "random_floor": 0.022097086912079608,
  "seeds": [
    42,
    123,
    7
  ]
}